Model,Accuracy,Precision,Recall,F1 Score
DecisionTree,0.9981389578163772,0.9954337899543378,0.9977116704805492,0.9965714285714286
LinearSVM,0.9807692307692307,1.0,0.9290617848970252,0.963226571767497
XGBoost,0.9975186104218362,1.0,0.9908466819221968,0.9954022988505747
LightGBM,0.9962779156327544,1.0,0.9862700228832952,0.9930875576036866
LogitBoost,0.9987593052109182,0.9977116704805492,0.9977116704805492,0.9977116704805492
MLP,0.9981389578163772,1.0,0.9931350114416476,0.9965556831228473
KNN,0.9981389578163772,1.0,0.9931350114416476,0.9965556831228473
CNN,0.9981389578163772,1.0,0.9931350114416476,0.9965556831228473
